-- password: 111

insert into teacher (id, password, name)
values ('001', 'B59C67BF196A4758191E42F76670CEBA', 'TEA1')
     , ('002', '1A0A283BFE7C549DEE6C638A05200E32', 'TEA2')
     , ('003', '9E6A921FBC428B5638B3986E365D4F21', 'TEA3')
;


insert into student (id, password, name, class_name, major_name)
values ('1000', 'F301886E1B5AA33D38B51F12A970243B', 'root', '一年级', '计算机')
     , ('1001', '05785DBB0C200F34268A4184132BF54E', 'user1', '一年级', '大数据')
     , ('1002', 'AC0A27002B853DFCB59660C2211B23B2', 'user2', '二年级', '计算机')
     , ('1003', 'E6B668F57A377F08976BA9DED16C3076', 'user3', '一年级', '软件工程')
     , ('1004', 'D9F51B5813E620744D370E8BBCC3D8E2', 'user4', '一年级', '计算机')
     , ('1005', 'B9A58D47C4228B3F7498BAB715A3E202', 'user5', '一年级', '计算机')
     , ('1006', 'B79C2B422ED7F783C7D8289008F2077D', 'user6', '一年级', '计算机')
     , ('1007', '8B34BC822D38F397148DC5F6373A4E31', 'user7', '二年级', '计算机')
     , ('1008', 'D06FD0C71AC306A16B859145CEE4E143', 'user8', '一年级', '计算机')
     , ('1009', 'C7E13893BF5055A9E0C30C71A2C0B574', 'user9', '一年级', '计算机')
;


insert into course (id, name, teacher)
values (1, 'Java', '001')
     , (2, 'Linux', '001')
     , (3, 'Network', '002')
     , (4, 'C++', '003')
     , (5, 'Network', '001')
     , (6, 'C++', '001')
;
alter table course alter id restart with 7;


insert into course_student (student, course, score)
values ('1000', 1, 99.99)
     , ('1001', 1, 91.00)
     , ('1002', 1, 92.00)
     , ('1003', 1, 93.00)
     , ('1004', 1, 94.00)
     , ('1005', 1, 95.00)
     , ('1006', 1, 96.00)
     , ('1007', 1, 97.00)
     , ('1008', 1, 98.00)
     , ('1009', 1, 90.00)
     , ('1000', 2, 20.00)
     , ('1001', 2, 30.00)
     , ('1002', 2, 40.00)
     , ('1003', 2, 50.00)
     , ('1004', 2, 60.00)
     , ('1005', 2, 70.00)
     , ('1006', 2, 80.00)
     , ('1004', 3, null)
     , ('1005', 3, null)
     , ('1006', 3, null)
     , ('1007', 3, null)
     , ('1008', 3, null)
     , ('1009', 3, null)
     , ('1000', 4, 20.00)
     , ('1001', 4, 30.00)
     , ('1002', 4, 40.00)
     , ('1003', 4, null)
     , ('1004', 4, null)
     , ('1005', 4, null)
     , ('1006', 4, null)
     , ('1007', 4, 90.00)
     , ('1008', 4, 90.00)
     , ('1009', 4, 90.00)
;
