-- password: 111

insert into teacher (id, password, name)
values ('001', '698D51A19D8A121CE581499D7B701668', 'TEA1')
     , ('002', '698D51A19D8A121CE581499D7B701668', 'TEA2')
     , ('003', '698D51A19D8A121CE581499D7B701668', 'TEA3')
;


insert into student (id, password, name, class_name, major_name)
values ('1000', '698D51A19D8A121CE581499D7B701668', 'root', '一年级', '计算机')
     , ('1001', '698D51A19D8A121CE581499D7B701668', 'user1', '一年级', '大数据')
     , ('1002', '698D51A19D8A121CE581499D7B701668', 'user2', '二年级', '计算机')
     , ('1003', '698D51A19D8A121CE581499D7B701668', 'user3', '一年级', '软件工程')
     , ('1004', '698D51A19D8A121CE581499D7B701668', 'user4', '一年级', '计算机')
     , ('1005', '698D51A19D8A121CE581499D7B701668', 'user5', '一年级', '计算机')
     , ('1006', '698D51A19D8A121CE581499D7B701668', 'user6', '一年级', '计算机')
     , ('1007', '698D51A19D8A121CE581499D7B701668', 'user7', '二年级', '计算机')
     , ('1008', '698D51A19D8A121CE581499D7B701668', 'user8', '一年级', '计算机')
     , ('1009', '698D51A19D8A121CE581499D7B701668', 'user9', '一年级', '计算机')
;


insert into course (id, name, teacher)
values (1, 'Java', '001')
     , (2, 'Linux', '001')
     , (3, 'Network', '002')
     , (4, 'C++', '003')
     , (5, 'Network', '001')
     , (6, 'C++', '001')
;
alter table course alter id restart with 7;


insert into course_student (student, course, score)
values ('1000', 1, 99.99)
     , ('1001', 1, 91.00)
     , ('1002', 1, 92.00)
     , ('1003', 1, 93.00)
     , ('1004', 1, 94.00)
     , ('1005', 1, 95.00)
     , ('1006', 1, 96.00)
     , ('1007', 1, 97.00)
     , ('1008', 1, 98.00)
     , ('1009', 1, 90.00)
     , ('1000', 2, 20.00)
     , ('1001', 2, 30.00)
     , ('1002', 2, 40.00)
     , ('1003', 2, 50.00)
     , ('1004', 2, 60.00)
     , ('1005', 2, 70.00)
     , ('1006', 2, 80.00)
     , ('1004', 3, null)
     , ('1005', 3, null)
     , ('1006', 3, null)
     , ('1007', 3, null)
     , ('1008', 3, null)
     , ('1009', 3, null)
     , ('1000', 4, 20.00)
     , ('1001', 4, 30.00)
     , ('1002', 4, 40.00)
     , ('1003', 4, null)
     , ('1004', 4, null)
     , ('1005', 4, null)
     , ('1006', 4, null)
     , ('1007', 4, 90.00)
     , ('1008', 4, 90.00)
     , ('1009', 4, 90.00)
;
